<?xml version="1.0" encoding="UTF-8" ?>
<!DOCTYPE configuration
        PUBLIC "-//mybatis.org//DTD Config 3.0//EN"
        "http://mybatis.org/dtd/mybatis-3-config.dtd">
<configuration>
    <environments default="development">
        <environment id="development">
            <transactionManager type="JDBC"/>
            <dataSource type="POOLED">
                <property name="driver" value="org.sqlite.JDBC"/>
                <property name="url" value="jdbc:sqlite:E:/sqlite_db/flagstone.db"/>
                <property name="username" value="root"/>
                <property name="password" value="root"/>
            </dataSource>
        </environment>
    </environments>
    <mappers>
        <mapper resource="mapper/functionMapper.xml"/>
        <mapper resource="mapper/operateFlowMapper.xml"/>
    </mappers>
</configuration>